{
  "alg_stats": {
    "sft": {
      "mean": 77.38185494061157,
      "std": 1.3581024859787159,
      "n": 3,
      "accs": [
        76.42153146322971,
        76.42153146322971,
        79.30250189537529
      ]
    },
    "dpo": {
      "mean": 83.49759919130655,
      "std": 0.5003535474658455,
      "n": 3,
      "accs": [
        83.85140257771039,
        83.85140257771039,
        82.78999241849885
      ]
    },
    "simpo": {
      "mean": 84.38210765731615,
      "std": 2.0371537289680735,
      "n": 3,
      "accs": [
        85.82259287338894,
        85.82259287338894,
        81.50113722517058
      ]
    },
    "ipo": {
      "mean": 81.34950720242608,
      "std": 0,
      "n": 1,
      "accs": [
        81.34950720242608
      ]
    },
    "kto": {
      "mean": 80.2122820318423,
      "std": 0,
      "n": 1,
      "accs": [
        80.2122820318423
      ]
    }
  },
  "variant_stats": {}
}